density,algorithm,success_rate,optimal_rate,mean_cost,mean_expanded,mean_ms
0.0,astar,1.0,1.0,8.353,15.605,0.141
0.0,bfs,1.0,1.0,8.353,78.4,0.305
0.0,greedy,1.0,1.0,8.353,8.22,0.084
0.0,ucs,1.0,1.0,8.353,75.91,0.6
0.1,astar,1.0,1.0,8.257,14.215,0.1
0.1,bfs,1.0,0.965,8.277,67.495,0.217
0.1,greedy,1.0,0.82,8.42,8.055,0.064
0.1,ucs,1.0,1.0,8.257,67.065,0.424
0.2,astar,1.0,1.0,8.291,14.345,0.091
0.2,bfs,1.0,0.89,8.375,59.59,0.172
0.2,greedy,1.0,0.735,8.541,8.07,0.058
0.2,ucs,1.0,1.0,8.291,59.18,0.333
0.3,astar,1.0,1.0,8.962,15.263,0.099
0.3,bfs,1.0,0.902,9.05,52.588,0.163
0.3,greedy,1.0,0.603,9.395,8.943,0.06
0.3,ucs,1.0,1.0,8.962,52.222,0.294
0.4,astar,1.0,1.0,9.645,16.802,0.091
0.4,bfs,1.0,0.955,9.688,45.073,0.13
0.4,greedy,1.0,0.718,10.01,10.209,0.06
0.4,ucs,1.0,1.0,9.645,44.989,0.232
