scenario,aircraft,planner,runs,feasible,infeasible,conflicts,rerouted,delayed,diverted,total_delay_min,extra_distance_km,planning_ms,emergency_delay_min,emergencies_unserved
27,14,Prioritised A* (emergencies first),10,14.00 ± 0.00,0.00 ± 0.00,0.00 ± 0.00,11.70 ± 0.93,11.20 ± 1.05,0.00 ± 0.00,149.10 ± 22.85,790.21 ± 118.85,233.36 ± 41.55,0.00 ± 0.00,0.00 ± 0.00
27,14,Sequential A* (id order),10,14.00 ± 0.00,0.00 ± 0.00,0.00 ± 0.00,11.70 ± 0.93,11.20 ± 1.05,0.00 ± 0.00,149.10 ± 22.85,790.21 ± 118.85,227.99 ± 37.97,0.00 ± 0.00,0.00 ± 0.00
27,14,Independent A* (no coordination),10,14.00 ± 0.00,0.00 ± 0.00,28.00 ± 2.82,0.00 ± 0.00,0.00 ± 0.00,0.00 ± 0.00,0.00 ± 0.00,0.00 ± 0.00,11.95 ± 1.92,0.00 ± 0.00,0.00 ± 0.00
32,14,Prioritised A* (emergencies first),10,14.00 ± 0.00,0.00 ± 0.00,0.00 ± 0.00,11.40 ± 0.43,10.70 ± 0.59,0.00 ± 0.00,76.40 ± 9.48,387.71 ± 52.08,83.04 ± 11.47,0.00 ± 0.00,0.00 ± 0.00
32,14,Sequential A* (id order),10,14.00 ± 0.00,0.00 ± 0.00,0.00 ± 0.00,11.40 ± 0.43,10.70 ± 0.59,0.00 ± 0.00,76.40 ± 9.48,387.71 ± 52.08,86.78 ± 11.57,0.00 ± 0.00,0.00 ± 0.00
32,14,Independent A* (no coordination),10,14.00 ± 0.00,0.00 ± 0.00,28.50 ± 1.50,0.00 ± 0.00,0.00 ± 0.00,0.00 ± 0.00,0.00 ± 0.00,0.00 ± 0.00,10.34 ± 1.87,0.00 ± 0.00,0.00 ± 0.00
33,14,Prioritised A* (emergencies first),10,14.00 ± 0.00,0.00 ± 0.00,0.00 ± 0.00,10.80 ± 0.76,8.60 ± 0.67,0.00 ± 0.00,63.70 ± 9.77,339.23 ± 77.83,116.39 ± 30.29,13.80 ± 2.66,0.00 ± 0.00
33,14,Sequential A* (id order),10,14.00 ± 0.00,0.00 ± 0.00,0.00 ± 0.00,10.40 ± 0.60,8.40 ± 0.60,0.00 ± 0.00,62.40 ± 9.62,316.39 ± 61.18,90.67 ± 13.26,32.00 ± 4.61,0.00 ± 0.00
33,14,Independent A* (no coordination),10,14.00 ± 0.00,0.00 ± 0.00,22.10 ± 2.96,0.90 ± 0.20,0.90 ± 0.20,0.00 ± 0.00,11.00 ± 3.32,54.37 ± 24.74,31.05 ± 5.40,11.00 ± 3.32,0.00 ± 0.00
36,14,Prioritised A* (emergencies first),10,14.00 ± 0.00,0.00 ± 0.00,0.00 ± 0.00,11.40 ± 0.84,10.80 ± 0.70,0.00 ± 0.00,137.70 ± 23.07,722.13 ± 105.31,207.91 ± 39.83,0.00 ± 0.00,0.00 ± 0.00
36,14,Sequential A* (id order),10,14.00 ± 0.00,0.00 ± 0.00,0.00 ± 0.00,11.40 ± 0.84,10.80 ± 0.70,0.00 ± 0.00,137.70 ± 23.07,722.13 ± 105.31,234.42 ± 61.20,0.00 ± 0.00,0.00 ± 0.00
36,14,Independent A* (no coordination),10,14.00 ± 0.00,0.00 ± 0.00,26.10 ± 2.36,0.00 ± 0.00,0.00 ± 0.00,0.00 ± 0.00,0.00 ± 0.00,0.00 ± 0.00,12.68 ± 1.74,0.00 ± 0.00,0.00 ± 0.00
50,14,Prioritised A* (emergencies first),10,14.00 ± 0.00,0.00 ± 0.00,0.00 ± 0.00,11.20 ± 0.70,10.10 ± 0.62,0.00 ± 0.00,52.60 ± 7.84,259.14 ± 36.91,40.55 ± 6.62,0.70 ± 0.72,0.00 ± 0.00
50,14,Sequential A* (id order),10,14.00 ± 0.00,0.00 ± 0.00,0.00 ± 0.00,11.20 ± 0.91,10.00 ± 0.77,0.00 ± 0.00,51.90 ± 7.26,243.33 ± 35.49,48.89 ± 14.70,4.20 ± 2.37,0.00 ± 0.00
50,14,Independent A* (no coordination),10,14.00 ± 0.00,0.00 ± 0.00,27.20 ± 3.55,6.60 ± 0.84,4.10 ± 0.74,0.00 ± 0.00,9.60 ± 2.15,68.18 ± 16.29,15.52 ± 3.74,0.70 ± 0.72,0.00 ± 0.00
