closed_cells_tall,seed,infeasible,rerouted,extra_distance_km,total_delay_min
0,0,0,10,152.2,30.0
0,1,0,7,78.9,14.0
0,2,0,6,104.2,26.0
0,3,0,8,106.2,22.0
0,4,0,7,56.2,12.0
0,5,0,9,90.2,23.0
0,6,0,9,56.2,16.0
0,7,0,6,30.1,5.0
0,8,0,7,80.8,16.0
0,9,0,8,32.8,7.0
1,0,0,10,152.2,30.0
1,1,0,7,78.9,14.0
1,2,0,8,122.2,26.0
1,3,0,8,106.2,22.0
1,4,0,8,56.2,12.0
1,5,0,10,90.2,23.0
1,6,0,11,83.5,18.0
1,7,0,8,30.1,5.0
1,8,0,8,87.4,16.0
1,9,1,7,23.4,5.0
2,0,0,10,152.2,30.0
2,1,0,9,78.9,14.0
2,2,0,9,128.8,26.0
2,3,0,8,106.2,22.0
2,4,0,8,56.2,12.0
2,5,0,10,90.2,23.0
2,6,0,11,83.5,18.0
2,7,0,8,30.1,5.0
2,8,0,8,78.1,16.0
2,9,1,8,36.7,5.0
3,0,0,9,152.2,30.0
3,1,0,8,92.9,17.0
3,2,0,9,135.4,26.0
3,3,0,9,126.9,23.0
3,4,0,8,56.2,12.0
3,5,0,10,90.2,23.0
3,6,0,11,92.9,20.0
3,7,0,8,36.7,5.0
3,8,0,8,89.4,17.0
3,9,1,8,30.1,5.0
4,0,0,11,174.9,33.0
4,1,0,7,80.8,14.0
4,2,0,9,146.7,27.0
4,3,0,9,88.2,27.0
4,4,0,9,78.9,15.0
4,5,0,10,108.1,23.0
4,6,0,10,83.5,17.0
4,7,0,9,48.0,6.0
4,8,0,8,107.3,18.0
4,9,1,8,39.4,7.0
5,0,0,11,220.1,33.0
5,1,0,9,110.9,18.0
5,2,0,9,130.7,29.0
5,3,0,9,83.5,25.0
5,4,0,9,94.9,17.0
5,5,0,10,171.3,25.0
5,6,0,10,122.2,21.0
5,7,0,9,70.6,8.0
5,8,0,9,157.3,21.0
5,9,1,9,44.1,9.0
6,0,0,10,267.3,37.0
6,1,0,9,135.4,19.0
6,2,0,9,156.1,34.0
6,3,0,9,168.2,33.0
6,4,0,9,131.5,21.0
6,5,0,10,170.5,23.0
6,6,0,9,129.6,24.0
6,7,0,9,86.6,10.0
6,8,0,9,218.5,27.0
6,9,1,10,82.7,12.0
7,0,0,10,323.9,39.0
7,1,0,10,169.4,22.0
7,2,0,10,208.8,40.0
7,3,0,10,190.9,39.0
7,4,0,10,174.9,26.0
7,5,0,11,247.8,29.0
7,6,0,11,187.0,33.0
7,7,0,9,109.3,12.0
7,8,0,9,259.1,30.0
7,9,1,9,135.4,19.0
8,0,0,10,300.5,38.0
8,1,0,12,217.4,28.0
8,2,0,10,236.1,41.0
8,3,0,9,220.1,35.0
8,4,0,9,208.0,27.0
8,5,0,11,339.1,39.0
8,6,0,11,244.4,40.0
8,7,0,9,141.3,16.0
8,8,0,9,329.7,38.0
8,9,1,9,176.8,25.0
