direction,wind_kt,crosswind_kt,infeasible,diverted,total_delay_min
180,0,8.0,0.0,0.0,18.9
180,5,13.0,0.0,0.0,18.5
180,10,18.0,0.0,0.0,19.1
180,15,23.0,0.0,0.0,18.7
180,20,28.0,1.5,0.0,11.3
180,25,33.0,3.0,0.0,5.1
180,30,38.0,4.9,0.0,1.7
180,35,43.0,6.5,0.0,0.9
180,40,48.0,6.5,0.0,0.9
180,45,53.0,6.5,0.0,0.9
210,0,6.9,0.0,0.0,18.9
210,5,11.3,0.0,0.0,18.9
210,10,15.6,0.0,0.0,18.9
210,15,19.9,0.0,0.0,19.0
210,20,24.2,0.0,0.0,18.9
210,25,28.6,1.5,0.0,11.0
210,30,32.9,3.0,0.0,5.1
210,35,37.2,4.9,0.0,1.8
210,40,41.6,6.5,0.0,0.7
210,45,45.9,6.5,0.0,0.7
240,0,4.0,0.0,0.0,18.9
240,5,6.5,0.0,0.0,19.0
240,10,9.0,0.0,0.0,18.9
240,15,11.5,0.0,0.0,19.0
240,20,14.0,0.0,0.0,18.8
240,25,16.5,0.0,0.0,18.6
240,30,19.0,0.0,0.0,18.8
240,35,21.5,0.0,0.0,18.7
240,40,24.0,0.0,0.0,18.6
240,45,26.5,1.5,0.0,11.0
270,0,0.0,0.0,0.0,18.9
270,5,0.0,0.0,0.0,19.1
270,10,0.0,0.0,0.0,18.6
270,15,0.0,0.0,0.0,18.8
270,20,0.0,0.0,0.0,19.0
270,25,0.0,0.0,0.0,18.9
270,30,0.0,0.0,0.0,18.9
270,35,0.0,0.0,0.0,18.4
270,40,0.0,0.0,0.0,18.6
270,45,0.0,0.0,0.0,18.6
