aircraft,planner,planning_ms,conflicts,total_delay_min
4,Independent A* (no coordination),5.68,3.9,3.2
4,Prioritised A* (emergencies first),5.69,0.0,4.9
4,Sequential A* (id order),6.32,0.0,4.9
8,Independent A* (no coordination),10.83,9.4,6.7
8,Prioritised A* (emergencies first),16.22,0.0,13.5
8,Sequential A* (id order),16.23,0.0,14.3
12,Independent A* (no coordination),15.39,23.8,10.8
12,Prioritised A* (emergencies first),27.92,0.0,37.3
12,Sequential A* (id order),34.04,0.0,36.8
16,Independent A* (no coordination),20.66,34.0,13.9
16,Prioritised A* (emergencies first),56.15,0.0,66.2
16,Sequential A* (id order),59.71,0.0,65.3
20,Independent A* (no coordination),22.98,47.4,15.4
20,Prioritised A* (emergencies first),100.91,0.0,109.8
20,Sequential A* (id order),96.88,0.0,110.5
24,Independent A* (no coordination),26.89,61.2,16.4
24,Prioritised A* (emergencies first),133.47,0.0,150.7
24,Sequential A* (id order),139.4,0.0,150.5
