id,scenario,rerouted,delayed,diverted,infeasible,conflicts,total_delay_min,extra_distance_km,route_revisions
1,MAYDAY — critical distress,7.3,5.5,0.0,0.0,0,18.5,81.05,0.0
2,PAN-PAN — urgency,7.7,6.5,0.0,0.0,0,27.2,124.1,0.0
3,Squawk 7700 — general emergency,7.8,6.0,0.0,0.0,0,19.3,81.66,0.0
4,Squawk 7500 — unlawful interference,11.1,6.2,7.3,0.0,0,21.2,94.6,0.0
5,Squawk 7600 — radio failure,7.2,5.6,0.0,0.0,0,15.1,72.03,0.0
6,Engine failure / technical malfunction,7.4,4.8,0.6,0.0,0,14.1,50.57,0.0
7,Onboard medical emergency,6.5,4.7,0.0,0.0,0,16.0,80.41,0.0
8,Low fuel / fuel-system alert,7.6,5.9,0.0,0.0,0,21.1,102.48,0.0
9,Presidential visit / VIP security zone,8.8,6.6,0.0,0.0,0,19.8,111.99,0.0
10,Sudden temporary flight restriction,7.4,5.6,0.0,1.5,0,17.6,91.8,4.6
11,Military exercise airspace,10.1,8.1,0.0,0.0,0,25.7,128.5,0.0
12,Airport closure,9.6,5.9,7.5,0.0,0,29.7,159.96,0.0
13,Airspace corridor closure,9.3,7.5,0.0,0.5,0,24.9,181.24,0.0
14,Drone incursion near airport,9.2,6.5,0.0,0.0,0,21.3,96.26,7.3
15,Security restriction changes mid-flight,9.2,7.9,0.0,0.8,0,40.3,293.15,7.6
16,Severe crosswind,4.7,3.1,0.0,2.4,0,5.1,25.05,0.0
17,Gusting wind,5.9,3.6,0.0,1.5,0,11.7,55.23,0.0
18,Moving thunderstorm,8.2,5.7,0.0,0.3,0,16.9,78.94,0.0
19,Heavy rain / reduced visibility,7.8,6.1,0.0,0.0,0,57.6,300.65,0.0
20,Fog / low visibility,8.2,6.4,0.0,0.0,0,69.8,368.21,0.0
21,Windshear alert,9.0,7.1,0.0,0.0,0,22.9,120.1,6.4
22,Weather deteriorates during reroute,5.7,4.7,1.6,3.7,0,17.7,111.03,4.7
23,Weather feed unavailable,6.3,4.4,0.0,0.0,0,10.8,38.66,0.0
24,Sudden runway closure,9.6,7.1,5.8,0.0,0,36.9,263.19,6.7
25,Aircraft-specific runway compatibility,5.5,3.6,0.0,1.9,0,8.3,36.2,0.0
26,Heterogeneous aircraft performance,8.5,7.7,0.0,0.0,0,40.9,197.59,0.0
27,Runway congestion,9.8,9.3,0.0,0.0,0,102.5,561.56,0.0
28,Limited runway capacity,9.2,7.9,0.0,0.0,0,146.6,785.69,0.0
29,Required emergency services unavailable,8.4,5.4,2.0,0.0,0,13.5,67.94,0.0
30,Diversion airport at capacity,10.0,8.3,8.6,0.0,0,130.7,754.44,0.0
31,Taxiway / ground movement disruption,8.1,5.6,0.0,0.0,0,75.3,416.82,0.0
32,Two aircraft converge on same cell,9.3,8.7,0.0,0.0,0,50.3,230.08,0.0
33,Multiple emergency landing requests,8.3,6.5,0.4,0.0,0,48.3,239.14,0.0
34,Emergency versus VIP restriction,10.1,7.6,0.0,0.0,0,23.5,128.27,0.0
35,Emergency diverts regional traffic,10.3,7.1,8.5,0.0,0,31.4,167.35,0.0
36,Aircraft compete for same runway,9.1,8.1,0.0,0.0,0,81.8,440.53,0.0
37,Reroute creates a new conflict,9.0,8.4,0.0,0.1,0,46.4,238.88,2.6
38,Several emergencies simultaneously,8.4,7.1,0.0,0.0,0,32.9,155.96,0.0
39,No feasible conflict-free plan,7.9,7.0,3.9,1.5,0,177.9,932.49,0.0
40,PAN-PAN escalates to MAYDAY,8.0,6.1,0.0,0.0,0,18.6,91.53,3.3
41,Second emergency mid-reroute,8.0,6.2,0.0,0.0,0,23.1,98.01,0.0
42,Delayed aircraft position update,8.8,6.5,0.0,0.2,0,17.2,88.1,0.0
43,Missing callsign or identity,8.5,7.2,0.0,0.0,0,22.0,107.77,0.0
44,Position uncertainty increases,8.7,7.3,0.0,0.2,0,20.8,96.04,0.0
45,Flight API unavailable,8.4,7.5,0.0,0.3,0,24.2,113.77,0.0
46,Mismatched data timestamps,8.1,6.5,0.0,0.0,0,23.8,88.53,0.0
47,Route oscillation,10.8,9.4,0.0,0.5,0,36.2,183.29,12.2
48,Emergency resolves / is cancelled,9.9,7.0,0.0,0.0,0,22.0,123.73,0.0
49,No feasible destination,1.6,0.6,0.0,6.8,0,0.6,3.67,0.0
50,Flagship: VIP restriction + MAYDAY,10.4,8.6,0.0,0.0,0,37.3,195.29,0.0
51,Flagship: MAYDAY + medical + gusts,6.4,4.2,0.2,1.8,0,9.1,30.91,0.0
52,Flagship: multiple emergencies + runway closure,9.6,8.0,7.7,0.0,0,60.1,402.0,8.2
53,Flagship: moving storm + cascading diversions,9.8,8.3,0.0,0.4,0,71.7,375.68,2.7
54,Flagship: full-system stress test,8.5,7.3,4.0,2.3,0,58.5,389.52,4.1
